second_offset,request_count
0,26
1,27
2,20
3,26
4,33
5,16
6,22
7,23
8,19
9,12
10,18
11,16
12,22
13,17
14,15
15,15
16,14
17,18
18,18
19,23
20,19
21,31
22,19
23,21
24,24
25,22
26,26
27,32
28,21
29,21
30,31
31,19
32,22
33,22
34,23
35,21
36,23
37,19
38,14
39,14
40,24
41,20
42,25
43,25
44,22
45,22
46,28
47,15
48,25
49,21
50,22
51,17
52,22
53,19
54,23
55,21
56,23
57,24
58,23
59,23
60,22
61,25
62,17
63,37
64,16
65,32
66,29
67,21
68,26
69,21
70,26
71,24
72,26
73,25
74,25
75,26
76,31
77,19
78,19
79,15
80,19
81,19
82,20
83,20
84,25
85,23
86,23
87,24
88,25
89,20
90,21
91,23
92,25
93,26
94,18
95,34
96,24
97,24
98,24
99,20
100,23
101,26
102,28
103,24
104,27
105,21
106,22
107,18
108,19
109,13
110,26
111,32
112,17
113,23
114,26
115,20
116,26
117,25
118,28
119,29
120,25
121,22
122,30
123,27
124,29
125,27
126,25
127,16
128,25
129,29
130,27
131,22
132,20
133,29
134,24
135,31
136,15
137,16
138,25
139,23
140,25
141,15
142,29
143,28
144,20
145,26
146,31
147,33
148,24
149,30
150,16
151,36
152,33
153,23
154,31
155,34
156,27
157,24
158,25
159,30
160,29
161,32
162,25
163,32
164,27
165,33
166,11
167,22
168,19
169,31
170,27
171,28
172,28
173,32
174,31
175,22
176,20
177,24
178,24
179,23
180,22
181,22
182,24
183,28
184,25
185,34
186,26
187,24
188,30
189,33
190,29
191,28
192,29
193,28
194,32
195,27
196,19
197,33
198,30
199,28
200,26
201,30
202,24
203,32
204,27
205,33
206,16
207,20
208,29
209,21
210,23
211,22
212,29
213,30
214,25
215,27
216,27
217,23
218,38
219,32
220,33
221,25
222,28
223,27
224,31
225,24
226,28
227,25
228,23
229,28
230,21
231,44
232,32
233,35
234,34
235,31
236,28
237,28
238,29
239,30
240,25
241,29
242,25
243,33
244,29
245,38
246,40
247,28
248,29
249,28
250,34
251,38
252,41
253,28
254,27
255,33
256,28
257,34
258,31
259,20
260,34
261,28
262,40
263,29
264,23
265,31
266,31
267,31
268,30
269,33
270,38
271,33
272,32
273,27
274,35
275,36
276,38
277,41
278,35
279,27
280,27
281,27
282,40
283,42
284,39
285,29
286,37
287,38
288,29
289,23
290,31
291,29
292,37
293,24
294,39
295,29
296,23
297,35
298,38
299,38
300,29
301,22
302,30
303,16
304,27
305,31
306,37
307,39
308,39
309,29
310,27
311,26
312,28
313,29
314,25
315,23
316,25
317,27
318,39
319,19
320,29
321,32
322,24
323,32
324,24
325,23
326,23
327,34
328,27
329,27
330,30
331,30
332,30
333,38
334,27
335,29
336,35
337,28
338,28
339,29
340,26
341,29
342,37
343,33
344,29
345,29
346,40
347,32
348,36
349,33
350,31
351,40
352,28
353,26
354,40
355,29
356,24
357,29
358,35
359,29
360,26
361,39
362,30
363,27
364,37
365,32
366,23
367,35
368,24
369,26
370,29
371,29
372,40
373,38
374,37
375,38
376,31
377,35
378,31
379,28
380,39
381,35
382,39
383,57
384,30
385,25
386,19
387,39
388,37
389,29
390,35
391,35
392,41
393,42
394,40
395,28
396,33
397,34
398,33
399,38
400,29
401,31
402,23
403,24
404,25
405,34
406,31
407,33
408,28
409,31
410,30
411,28
412,28
413,43
414,36
415,37
416,34
417,35
418,37
419,34
420,38
421,37
422,46
423,31
424,41
425,35
426,32
427,44
428,30
429,44
430,41
431,46
432,29
433,30
434,31
435,33
436,24
437,39
438,42
439,42
440,45
441,46
442,55
443,36
444,38
445,34
446,40
447,31
448,38
449,40
450,31
451,38
452,30
453,27
454,46
455,35
456,39
457,35
458,30
459,46
460,33
461,35
462,30
463,38
464,34
465,35
466,30
467,32
468,32
469,35
470,33
471,40
472,36
473,33
474,43
475,40
476,39
477,32
478,37
479,42
480,28
481,35
482,33
483,28
484,36
485,36
486,34
487,38
488,44
489,39
490,43
491,34
492,39
493,38
494,38
495,47
496,45
497,38
498,39
499,44
500,27
501,32
502,40
503,44
504,39
505,43
506,47
507,54
508,39
509,36
510,42
511,50
512,56
513,44
514,50
515,50
516,51
517,43
518,45
519,35
520,41
521,40
522,44
523,33
524,37
525,26
526,39
527,43
528,49
529,41
530,44
531,42
532,47
533,63
534,45
535,49
536,32
537,41
538,45
539,38
540,44
541,42
542,43
543,41
544,33
545,37
546,34
547,41
548,50
549,34
550,31
551,36
552,35
553,47
554,48
555,43
556,42
557,37
558,43
559,31
560,41
561,25
562,45
563,35
564,33
565,44
566,37
567,41
568,42
569,33
570,42
571,29
572,36
573,39
574,40
575,37
576,42
577,35
578,45
579,38
580,40
581,42
582,35
583,37
584,45
585,49
586,47
587,47
588,41
589,37
590,41
591,42
592,38
593,39
594,43
595,48
596,42
597,45
598,47
599,38
600,39
601,40
602,44
603,36
604,38
605,44
606,51
607,57
608,50
609,44
610,37
611,42
612,39
613,34
614,44
615,49
616,47
617,30
618,46
619,40
620,34
621,37
622,39
623,28
624,37
625,36
626,38
627,38
628,35
629,38
630,42
631,47
632,36
633,39
634,41
635,39
636,39
637,42
638,47
639,40
640,34
641,41
642,39
643,41
644,44
645,48
646,43
647,54
648,49
649,43
650,51
651,40
652,50
653,43
654,40
655,49
656,43
657,43
658,21
659,37
660,44
661,50
662,48
663,44
664,54
665,57
666,43
667,48
668,44
669,50
670,59
671,55
672,47
673,61
674,54
675,47
676,52
677,38
678,45
679,43
680,39
681,35
682,47
683,43
684,44
685,36
686,53
687,44
688,47
689,37
690,56
691,55
692,39
693,42
694,47
695,44
696,34
697,49
698,50
699,36
700,45
701,47
702,32
703,39
704,36
705,40
706,41
707,42
708,41
709,38
710,54
711,52
712,45
713,38
714,47
715,41
716,41
717,36
718,39
719,47
720,47
721,40
722,54
723,51
724,54
725,41
726,48
727,47
728,30
729,34
730,50
731,46
732,50
733,37
734,42
735,44
736,49
737,39
738,45
739,34
740,52
741,40
742,39
743,41
744,41
745,52
746,44
747,47
748,37
749,55
750,40
751,41
752,32
753,46
754,52
755,49
756,48
757,49
758,43
759,45
760,44
761,54
762,48
763,47
764,43
765,44
766,47
767,40
768,55
769,48
770,50
771,57
772,56
773,40
774,46
775,52
776,53
777,35
778,56
779,52
780,47
781,53
782,49
783,35
784,40
785,41
786,45
787,39
788,43
789,41
790,54
791,63
792,47
793,32
794,55
795,74
796,59
797,52
798,60
799,53
800,45
801,49
802,45
803,54
804,62
805,72
806,48
807,58
808,46
809,54
810,54
811,59
812,37
813,47
814,54
815,66
816,49
817,42
818,58
819,49
820,50
821,57
822,53
823,53
824,53
825,44
826,57
827,50
828,49
829,39
830,53
831,57
832,49
833,58
834,62
835,69
836,53
837,51
838,48
839,43
840,40
841,46
842,49
843,47
844,54
845,54
846,59
847,63
848,57
849,55
850,58
851,49
852,43
853,43
854,61
855,51
856,54
857,50
858,56
859,53
860,64
861,56
862,52
863,67
864,48
865,46
866,56
867,65
868,53
869,47
870,56
871,41
872,62
873,51
874,46
875,60
876,52
877,60
878,52
879,64
880,48
881,59
882,61
883,63
884,43
885,59
886,55
887,42
888,55
889,52
890,59
891,46
892,52
893,47
894,58
895,47
896,65
897,48
898,47
899,40
900,45
901,44
902,47
903,45
904,60
905,56
906,47
907,45
908,45
909,45
910,58
911,53
912,75
913,58
914,48
915,60
916,59
917,54
918,61
919,44
920,56
921,58
922,53
923,56
924,56
925,48
926,58
927,54
928,46
929,56
930,56
931,61
932,54
933,69
934,59
935,70
936,54
937,59
938,48
939,58
940,46
941,51
942,50
943,57
944,60
945,64
946,61
947,50
948,49
949,57
950,46
951,50
952,51
953,57
954,47
955,59
956,43
957,42
958,50
959,57
960,73
961,68
962,65
963,83
964,69
965,62
966,45
967,77
968,59
969,63
970,51
971,53
972,57
973,53
974,63
975,58
976,58
977,58
978,63
979,55
980,49
981,56
982,55
983,46
984,53
985,71
986,66
987,65
988,58
989,62
990,56
991,50
992,48
993,44
994,45
995,55
996,50
997,57
998,52
999,41
1000,53
1001,56
1002,44
1003,65
1004,54
1005,53
1006,46
1007,40
1008,59
1009,63
1010,59
1011,55
1012,45
1013,65
1014,46
1015,50
1016,64
1017,65
1018,72
1019,62
1020,71
1021,56
1022,59
1023,56
1024,48
1025,52
1026,53
1027,50
1028,61
1029,49
1030,59
1031,51
1032,56
1033,62
1034,56
1035,60
1036,49
1037,62
1038,63
1039,66
1040,57
1041,55
1042,62
1043,55
1044,63
1045,67
1046,49
1047,50
1048,60
1049,55
1050,57
1051,69
1052,64
1053,56
1054,59
1055,48
1056,71
1057,61
1058,59
1059,67
1060,54
1061,62
1062,72
1063,60
1064,58
1065,45
1066,66
1067,65
1068,61
1069,61
1070,50
1071,56
1072,52
1073,50
1074,56
1075,55
1076,47
1077,58
1078,53
1079,51
