step,users,rps,median_millicores,ready_pods,stop_trigger
1,20,9.264508972830747,26,4,none
2,30,14.277715767852026,123,4,none
3,40,18.618215842463602,158,4,none
4,50,23.328463396660116,218,4,none
5,60,27.765064259997434,254,4,none
6,70,32.01084476269201,311,4,none
7,80,37.110446677245534,331,4,none
8,90,41.53111424509568,434,4,none
9,100,45.337601316627854,449,4,none
10,110,50.0115769890888,453,4,none
11,120,53.72863348086713,566,4,none
12,130,57.085984790218156,567,4,none
13,140,62.48571962072586,631,4,none
14,150,64.60578438121776,680,4,none
15,160,68.24486024514955,817,4,cpu_saturation
