timestamp,spec_replicas,status_replicas,ready_replicas
2026-09-09T09:52:49Z,4,4,4
2026-09-09T09:53:05Z,4,4,4
2026-09-09T09:53:20Z,4,4,4
2026-09-09T09:53:35Z,4,4,4
2026-09-09T09:53:51Z,5,5,4
2026-09-09T09:54:06Z,5,5,5
2026-09-09T09:54:22Z,5,5,5
2026-09-09T09:54:37Z,5,5,5
2026-09-09T09:54:53Z,5,5,5
2026-09-09T09:55:08Z,5,5,5
2026-09-09T09:55:24Z,5,5,5
2026-09-09T09:55:39Z,5,5,5
2026-09-09T09:55:55Z,5,5,5
2026-09-09T09:56:10Z,5,5,5
2026-09-09T09:56:25Z,5,5,5
2026-09-09T09:56:41Z,4,4,4
2026-09-09T09:56:56Z,4,4,4
2026-09-09T09:57:12Z,4,4,4
2026-09-09T09:57:27Z,4,4,4
2026-09-09T09:57:43Z,4,4,4
2026-09-09T09:57:58Z,5,5,4
2026-09-09T09:58:14Z,5,5,5
2026-09-09T09:58:29Z,7,7,7
2026-09-09T09:58:44Z,7,7,7
2026-09-09T09:59:00Z,7,7,7
2026-09-09T09:59:15Z,7,7,7
2026-09-09T09:59:31Z,7,7,7
2026-09-09T09:59:46Z,7,7,7
2026-09-09T10:00:02Z,7,7,7
2026-09-09T10:00:17Z,8,8,8
2026-09-09T10:00:33Z,11,11,10
2026-09-09T10:00:48Z,11,11,11
2026-09-09T10:01:03Z,11,11,11
2026-09-09T10:01:19Z,11,11,11
2026-09-09T10:01:34Z,11,11,11
2026-09-09T10:01:50Z,11,11,11
2026-09-09T10:02:05Z,11,11,11
2026-09-09T10:02:21Z,11,11,11
2026-09-09T10:02:36Z,11,11,11
2026-09-09T10:02:52Z,10,10,10
2026-09-09T10:03:07Z,10,10,10
2026-09-09T10:03:23Z,10,10,10
2026-09-09T10:03:38Z,9,9,9
2026-09-09T10:03:53Z,7,7,7
2026-09-09T10:04:09Z,7,7,7
2026-09-09T10:04:24Z,6,6,6
2026-09-09T10:04:40Z,6,6,6
2026-09-09T10:04:55Z,5,5,5
2026-09-09T10:05:11Z,5,5,5
2026-09-09T10:05:26Z,5,5,5
2026-09-09T10:05:42Z,5,5,5
2026-09-09T10:05:57Z,6,6,6
2026-09-09T10:06:13Z,6,6,6
2026-09-09T10:06:28Z,6,6,6
2026-09-09T10:06:43Z,6,6,6
2026-09-09T10:06:59Z,6,6,6
2026-09-09T10:07:14Z,6,6,6
2026-09-09T10:07:30Z,5,5,5
2026-09-09T10:07:45Z,5,5,5
2026-09-09T10:08:01Z,5,5,5
2026-09-09T10:08:16Z,5,5,5
2026-09-09T10:08:32Z,5,5,5
2026-09-09T10:08:47Z,5,5,5
2026-09-09T10:09:02Z,5,5,5
2026-09-09T10:09:18Z,5,5,5
2026-09-09T10:09:33Z,5,5,5
2026-09-09T10:09:49Z,5,5,5
2026-09-09T10:10:04Z,5,5,5
2026-09-09T10:10:20Z,5,5,5
2026-09-09T10:10:35Z,5,5,5
