shape,repetition,arm,client_p95_ms,requests,failures,peak_spec_replicas,peak_ready_replicas,samples_total,samples_in_window,series_span_seconds,ready_pod_hours
wc98_flash,1,fixed,480.0,33848,0,4,4,70,70,1067.0,1.1855555555555555
wc98_flash,1,hpa_stock,410.0,33872,6,11,11,70,70,1067.0,2.314722222222222
wc98_flash,1,hpa_tuned,440.0,33738,4,12,12,4991,140,76287.0,MISSING
wc98_flash,2,fixed,550.0,33545,0,4,4,70,70,1067.0,1.1855555555555555
wc98_flash,2,hpa_stock,380.0,34030,0,12,12,70,70,1067.0,2.405
wc98_flash,2,hpa_tuned,400.0,33912,0,11,11,70,70,1067.0,1.783611111111111
wc98_flash,3,fixed,510.0,33775,0,4,4,70,70,1067.0,1.1855555555555555
wc98_flash,3,hpa_stock,400.0,34049,1,12,12,70,70,1067.0,2.2683333333333335
wc98_flash,3,hpa_tuned,430.0,33900,0,11,11,70,70,1066.0,1.9436111111111112
wc98_flash,4,fixed,470.0,33789,0,4,4,70,70,1066.0,1.1844444444444444
wc98_flash,4,hpa_stock,370.0,34127,0,11,11,70,70,1066.0,2.2019444444444445
wc98_flash,4,hpa_tuned,380.0,33976,1,11,11,70,70,1066.0,1.8663888888888889
wc98_flash,5,fixed,510.0,33608,0,4,4,70,70,1067.0,1.1855555555555555
wc98_flash,5,hpa_stock,380.0,34072,3,11,11,70,70,1068.0,2.201111111111111
wc98_flash,5,hpa_tuned,370.0,34187,0,10,10,70,70,1067.0,1.7783333333333333
wc98_flash,6,fixed,530.0,33508,0,4,4,70,70,1069.0,1.1877777777777778
wc98_flash,6,hpa_stock,370.0,34148,1,11,11,70,70,1067.0,2.1822222222222223
wc98_flash,6,hpa_tuned,400.0,34048,0,11,11,70,70,1068.0,1.75
