shape,repetition,arm,requests,failures,peak_spec_replicas,peak_ready_replicas,samples_total,samples_in_window
wc98_flash,1,fixed,33848,0,4,4,70,70
wc98_flash,1,hpa_stock,33872,6,11,11,70,70
wc98_flash,1,hpa_tuned,33738,4,12,12,4991,140
wc98_flash,2,fixed,33545,0,4,4,70,70
wc98_flash,2,hpa_stock,34030,0,12,12,70,70
wc98_flash,2,hpa_tuned,33912,0,11,11,70,70
wc98_flash,3,fixed,33775,0,4,4,70,70
wc98_flash,3,hpa_stock,34049,1,12,12,70,70
wc98_flash,3,hpa_tuned,33900,0,11,11,70,70
wc98_flash,4,fixed,33789,0,4,4,70,70
wc98_flash,4,hpa_stock,34127,0,11,11,70,70
wc98_flash,4,hpa_tuned,33976,1,11,11,70,70
wc98_flash,5,fixed,33608,0,4,4,70,70
wc98_flash,5,hpa_stock,34072,3,11,11,70,70
wc98_flash,5,hpa_tuned,34187,0,10,10,70,70
wc98_flash,6,fixed,33508,0,4,4,70,70
wc98_flash,6,hpa_stock,34148,1,11,11,70,70
wc98_flash,6,hpa_tuned,34048,0,11,11,70,70
wc98_ramp,1,fixed,34181,0,4,4,70,70
wc98_ramp,1,hpa_stock,34202,0,8,8,70,70
wc98_ramp,1,hpa_tuned,34283,0,8,8,70,70
wc98_ramp,2,fixed,34561,1,4,4,70,70
wc98_ramp,2,hpa_stock,34787,0,5,5,70,70
wc98_ramp,2,hpa_tuned,33835,2,4,4,69,69
wc98_constant,1,fixed,34693,2,4,4,70,70
wc98_constant,1,hpa_stock,34594,66,4,4,70,70
wc98_constant,1,hpa_tuned,34872,0,4,4,70,70
wc98_periodic,1,fixed,34438,6,4,4,70,70
wc98_periodic,1,hpa_stock,34811,1,5,5,70,70
wc98_periodic,1,hpa_tuned,34593,1,5,5,70,70
rr_periodic,1,fixed,34549,1,4,4,70,70
rr_periodic,1,hpa_stock,34740,0,5,5,70,70
rr_periodic,1,hpa_tuned,34734,6,5,5,70,70
